id,title,company,location,job_type,description
1,Data Analyst,TechNova,Port Michelle,Remote,Laugh pick leader past condition note charge hospital friend single describe thus simply.
2,Business Analyst,Omega Systems,New Alyssa,Full-time,Official step more worry turn professor too world the poor could structure.
3,Marketing Manager,TechNova,North Vincent,Full-time,Drug yourself feel lose buy rise land view down down piece.
4,HR Specialist,AlphaBeta,Hughesfort,Internship,Wish national two skin improve throughout fly deep enter.
5,HR Specialist,NextGen Solutions,Christineshire,Full-time,Religious rather bank carry arrive adult despite floor mean.
6,Software Engineer,Omega Systems,New Williamport,Full-time,Could exist business various them sell three loss young happen team ready chair.
7,HR Specialist,FusionTech,Laneborough,Internship,Effort herself help sport tend according road.
8,Content Writer,Skyline Corp,New Kevinmouth,Internship,Determine manage food stock mean matter leave make certainly.
9,HR Specialist,FusionTech,Hudsonfurt,Remote,Specific remain across site everyone pay move your.
10,Product Manager,InnovateX,West Janicefort,Full-time,Catch effort agent write section establish new current to eat.
11,Marketing Manager,Omega Systems,Josephmouth,Remote,College sometimes relationship development piece within opportunity red none.
12,Product Manager,InnovateX,Lake Blakeside,Part-time,Owner within check throw all response threat partner notice wrong born.
13,Product Manager,InnovateX,Clarkchester,Full-time,Wide beautiful kid ask think guy.
14,Business Analyst,TechNova,Washingtonstad,Internship,Every allow four myself check five name where reality chair point bad player.
15,Graphic Designer,Skyline Corp,Dylanville,Full-time,Style particularly unit first increase education none.
16,Marketing Manager,Skyline Corp,North Linda,Remote,Thus religious since agree while picture explain open deep.
17,Business Analyst,NextGen Solutions,Christophermouth,Part-time,Lay close result energy court crime player dog but.
18,Sales Executive,BrightWorks,Timothyfurt,Internship,Three somebody mean almost nice their expect speech drop situation nation.
19,Data Analyst,FusionTech,Reginaldbury,Part-time,Daughter dream green water computer region heavy either each course fund data.
20,HR Specialist,Omega Systems,West Tylerberg,Part-time,Top leader put no Mrs probably activity culture.
21,Business Analyst,InnovateX,Danielleberg,Full-time,What detail or my the sometimes suddenly.
22,Graphic Designer,InnovateX,New Taylorchester,Remote,Data marriage reality worker base father action name task citizen stand.
23,Content Writer,BrightWorks,Jamesbury,Internship,Teacher PM age them support whose defense.
24,Product Manager,NextGen Solutions,Jakebury,Full-time,Become once light fine carry support send player charge down a forward group.
25,Product Manager,Omega Systems,Johnland,Internship,Guy money small throughout for position time turn growth national thus.
26,Graphic Designer,Skyline Corp,Coxtown,Part-time,Already order provide certain produce avoid.
27,Data Analyst,Omega Systems,Ebonytown,Part-time,By gas pass question scene ten.
28,Software Engineer,BrightWorks,West Scott,Internship,Gas bar bad already bad sell discover member then itself modern three help.
29,Marketing Manager,BrightWorks,Kennedyshire,Full-time,Expert strategy air decide identify base sea believe eight whom in image lay.
30,Graphic Designer,AlphaBeta,Goodmanmouth,Remote,That star manage production paper government year light hot reality color.
31,Business Analyst,NextGen Solutions,Kennethberg,Part-time,Reach pass choice civil city federal similar best traditional weight.
32,HR Specialist,AlphaBeta,East Miguel,Full-time,How first time up dark audience enjoy policy apply imagine daughter cell.
33,Product Manager,NextGen Solutions,West Katelyn,Remote,Plant own miss authority her she sister relationship although reason.
34,Marketing Manager,Omega Systems,Jamesport,Full-time,Attack worry effort commercial type each final expert with forward detail future crime.
35,Business Analyst,NextGen Solutions,West Adamville,Full-time,Human eat benefit sound well black compare bring simple yard get up film.
36,Sales Executive,NextGen Solutions,West Elizabeth,Part-time,Power interview husband everything society be my ground expect voice history ago.
37,Product Manager,FusionTech,Briantown,Internship,Whether all decision realize bring go.
38,Sales Executive,AlphaBeta,Carlaberg,Part-time,Test positive no wait agree alone his north.
39,Sales Executive,InnovateX,Wallacetown,Full-time,Sister best today fact Mrs authority rule test what society story.
40,Graphic Designer,InnovateX,Cynthiamouth,Remote,Recognize director understand position not season shake as would something operation fish wrong.
41,Project Coordinator,InnovateX,Stanleyview,Remote,Start several age black hundred country drive nation such wonder.
42,Data Analyst,BrightWorks,Davisview,Internship,Care admit democratic avoid bank institution air main once someone.
43,Graphic Designer,BrightWorks,Webbfort,Remote,Beat among off vote walk another war build any always.
44,Software Engineer,InnovateX,East Cameronfort,Internship,Kind something certain go president range picture theory break.
45,Graphic Designer,Omega Systems,West Kimberlyfort,Full-time,Face air above such author base care run we before top run.
46,Graphic Designer,TechNova,Russellfurt,Part-time,Last not whose cause step happen think decision under.
47,Graphic Designer,FusionTech,Meganfurt,Internship,Protect follow able model key quickly make recognize way how candidate camera garden.
48,Sales Executive,BrightWorks,Marshallstad,Internship,Relate road beat understand future think realize phone finally write.
49,Software Engineer,NextGen Solutions,South Daniellemouth,Remote,Room call present whether sea tax gun use media husband approach country explain.
50,Project Coordinator,FusionTech,Port Keith,Remote,Brother think early economic region customer.
51,Project Coordinator,AlphaBeta,Nguyenstad,Internship,Boy discover campaign interest eye focus.
52,Project Coordinator,FusionTech,Heatherport,Internship,Five under whether line room person minute east trial sometimes.
53,Business Analyst,Omega Systems,Port Cindy,Full-time,Drop bad player yet budget trial you those.
54,Product Manager,Omega Systems,Dontown,Full-time,Mean wear responsibility center pull her campaign market heart.
55,Project Coordinator,BrightWorks,Leeton,Full-time,Trip six rate art mind herself west letter.
56,Marketing Manager,Omega Systems,Hortonmouth,Part-time,Will rise else but weight low character anything live.
57,Content Writer,AlphaBeta,North Scottberg,Part-time,Person sure trouble politics charge culture glass land protect.
58,HR Specialist,NextGen Solutions,Gregoryton,Remote,Be piece hour onto could answer town.
59,Product Manager,InnovateX,South Ricky,Internship,Discussion establish energy edge close science environmental ago fly candidate majority even.
60,Software Engineer,NextGen Solutions,Harrisonview,Remote,Summer subject recognize face for hear article those.
61,Graphic Designer,FusionTech,Waltertown,Full-time,Pay finish bank study put hear data.
62,Marketing Manager,TechNova,New Michelemouth,Part-time,Leave main very cultural much must offer shoulder.
63,Sales Executive,TechNova,Lake Justinside,Remote,Do star possible easy administration make audience into present or walk sport.
64,HR Specialist,FusionTech,Brownside,Internship,Role adult money up pattern consider.
65,Data Analyst,Omega Systems,Tabithatown,Part-time,Consumer available should special environment deep subject professor.
66,Content Writer,AlphaBeta,Williamstown,Internship,Rise wear young turn goal actually realize.
67,Content Writer,NextGen Solutions,Bergland,Full-time,Between avoid option democratic big simple dark far success.
68,Business Analyst,NextGen Solutions,Lake Danielleton,Part-time,Magazine party stay media truth lose radio nature claim.
69,Project Coordinator,NextGen Solutions,Port Jennifer,Part-time,Without senior simple next reason strategy.
70,Software Engineer,BrightWorks,South Benjamin,Internship,Him science certainly far simple authority break person report argue pull.
71,Project Coordinator,InnovateX,North Jason,Part-time,Enough matter decide fight cold drive cover song southern find wall class.
72,Content Writer,TechNova,Richardburgh,Full-time,Wish court result without several week box.
73,Content Writer,BrightWorks,North Briannaborough,Remote,Unit cause in job claim write Democrat everyone movie our him.
74,Graphic Designer,Skyline Corp,Nicholasborough,Full-time,Kitchen would create people win discuss director check exactly store.
75,Content Writer,BrightWorks,North Michael,Remote,Past many sing factor scene box every single.
76,Marketing Manager,FusionTech,North Joseph,Full-time,Professor especially candidate job low recognize ground.
77,Marketing Manager,InnovateX,North Tonyaport,Full-time,Offer end American learn later indicate interesting food expect candidate culture window.
78,Data Analyst,TechNova,Angelaberg,Full-time,Entire improve movie story ask staff where it question.
79,Content Writer,NextGen Solutions,Williamborough,Remote,Statement heavy human such throughout give read compare man author consider.
80,Product Manager,FusionTech,South Cindy,Internship,Boy mind against keep smile between would Republican mind.
81,Graphic Designer,TechNova,East Derek,Part-time,Law seat season either western office end popular environment worry happy back such.
82,Data Analyst,NextGen Solutions,New Josephburgh,Remote,Spring fact laugh herself help their both prevent mean.
83,Software Engineer,FusionTech,Cynthiaview,Part-time,Style from put product conference study shake leader government change.
84,Graphic Designer,FusionTech,Johnfort,Part-time,Simple rise plant will evidence situation start assume position total price report knowledge.
85,Project Coordinator,Skyline Corp,Louishaven,Part-time,Case face want rock guess stop use memory somebody ask institution.
86,Marketing Manager,BrightWorks,West Michael,Part-time,Look above break of hard husband.
87,HR Specialist,FusionTech,South Charles,Remote,Peace decision project perform state tell conference thus would remember save.
88,Business Analyst,NextGen Solutions,Sandraburgh,Internship,Finish site country special billion certainly north.
89,Software Engineer,Skyline Corp,Port Michaelfort,Part-time,Maintain factor station throughout chair guy newspaper professor ok hard attorney.
90,HR Specialist,NextGen Solutions,East Greghaven,Remote,Main culture stay however owner reflect training must mother line over.
91,Business Analyst,NextGen Solutions,Thompsonland,Remote,Company model local space good role growth local war especially far.
92,Content Writer,Skyline Corp,South Krystal,Remote,Measure similar goal activity market great bag next second tax garden north.
93,Software Engineer,InnovateX,Melissatown,Full-time,Success fight better remember market seat film same room hope sound control.
94,Product Manager,FusionTech,Brownborough,Full-time,Finally interest idea discuss find street natural while receive detail character.
95,Product Manager,FusionTech,West Debra,Full-time,Daughter off it major home school political data community subject.
96,Sales Executive,Omega Systems,Mooreport,Internship,Network point less reach each expert garden area impact appear.
97,Graphic Designer,Skyline Corp,Gregorybury,Full-time,Them wife part star eat response those give will citizen Mr modern.
98,HR Specialist,AlphaBeta,Lewisfort,Full-time,Big idea movement thought myself few election after seek.
99,Graphic Designer,FusionTech,New Keith,Full-time,Husband research light western kind guy election.
100,Marketing Manager,BrightWorks,Vegatown,Part-time,Show wall Mr send star raise resource north nothing who laugh hear military.
